City_ID,City,Lat,lng,Max Temp,Humidity,Cloudiness,Wind Speed,Country,Date
0,kerikeri,-35.2268,173.9474,14.95,87,4,1.62,NZ,1738680492
1,ginir,7.1333,40.7,21.55,11,10,5.59,ET,1738680494
2,margaret river ,-33.95,115.0667,18.54,69,0,5.87,AU,1738680495
3,bam,29.106,58.357,11.83,22,0,3.61,IR,1738680496
4,marrakesh,31.6315,-8.0083,18.04,39,0,2.57,MA,1738680497
5,lata,40.1629,-8.3327,17.49,43,100,1.68,PT,1738680498
6,port-aux-francais,-49.35,70.2167,5.76,98,100,11.38,TF,1738680499
7,kodiak,57.79,-152.4072,-6.27,93,20,2.06,US,1738680500
8,bethanie,-26.4833,17.15,28.52,41,89,7.19,NA,1738680501
9,edinburgh of the seven seas,-37.0676,-12.3116,15.05,70,32,5.7,SH,1738680503
10,gunnedah,-30.9833,150.25,22.98,64,100,2.58,AU,1738680504
11,hawaiian paradise park,19.5933,-154.9731,18.28,67,75,3.09,US,1738680505
12,ushuaia,-54.8,-68.3,8.81,66,20,1.54,AR,1738680506
13,victorica,-36.2151,-65.4359,28.12,20,6,2.37,AR,1738680507
14,adamstown,-25.066,-130.1015,24.83,78,33,7.15,PN,1738680508
15,whitehorse,60.7161,-135.0538,-15.57,85,100,2.06,CA,1738680269
16,bethel,41.3712,-73.414,4.85,68,100,3.09,US,1738680510
17,iqaluit,63.7506,-68.5145,-27.15,69,100,2.06,CA,1738680512
18,makueni boma,-1.8041,37.6203,24.77,45,100,3.61,KE,1738680513
19,puerto colombia,10.9878,-74.9547,29.05,71,100,7.78,CO,1738680514
20,college,64.8569,-147.8028,-18.01,61,75,0.0,US,1738680515
21,luderitz,-26.6481,15.1594,23.92,59,10,9.09,NA,1738680516
22,thompson,55.7435,-97.8558,-27.91,76,0,5.66,CA,1738680517
23,lihue,21.9789,-159.3672,18.77,88,0,2.57,US,1738680407
24,kapuskasing,49.4169,-82.4331,-19.95,71,40,6.17,CA,1738680519
25,nagqu,31.5,92.0,-4.0,18,54,1.06,CN,1738680521
26,lerwick,60.1545,-1.1494,7.82,83,100,9.68,GB,1738680522
27,yellowknife,62.456,-114.3525,-18.66,93,100,4.12,CA,1738680523
28,xining,36.6167,101.7667,-9.93,70,8,1.73,CN,1738680524
29,blackmans bay,-43.0167,147.3167,13.07,76,1,3.08,AU,1738680525
30,boguchany,58.3814,97.4531,-14.79,89,76,3.55,RU,1738680526
31,remire-montjoly,4.9167,-52.2667,26.02,94,100,2.57,GF,1738680527
32,qaqortoq,60.7167,-46.0333,-17.24,65,84,3.94,GL,1738680528
33,cadale,2.7603,46.3222,25.13,80,51,9.71,SO,1738680529
34,stanley,54.868,-1.6985,8.07,78,40,8.23,GB,1738680531
35,haiku-pauwela,20.9219,-156.3051,19.0,85,13,3.13,US,1738680532
36,albany,42.6001,-73.9662,1.23,72,46,6.75,US,1738680533
37,sakakah,29.9697,40.2064,25.76,12,15,2.67,SA,1738680534
38,kongoussi,13.3258,-1.5347,34.37,10,45,4.17,BF,1738680535
39,avarua,-21.2078,-159.775,27.03,83,69,4.12,CK,1738680536
40,ryotsu-minato,38.0833,138.4333,-1.38,70,100,11.42,JP,1738680537
41,margaret river,-33.95,115.0667,18.54,69,0,5.87,AU,1738680539
42,mary,37.0,62.5,9.04,43,8,3.2,TM,1738680540
43,estevan,49.1334,-102.9842,-24.89,77,100,2.06,CA,1738680541
44,port saint john's,-31.6229,29.5448,29.99,71,10,8.0,ZA,1738680542
45,ilulissat,69.2167,-51.1,-18.99,78,75,7.2,GL,1738680543
46,papatowai,-46.5619,169.4708,9.39,92,99,2.82,NZ,1738680544
47,port lincoln,-34.7333,135.8667,18.2,76,14,8.83,AU,1738680545
48,rosales,15.8944,120.6328,22.66,71,100,3.2,PH,1738680546
49,enewetak,11.3474,162.3373,26.84,66,57,8.9,MH,1738680547
50,weno,7.4515,151.8468,28.03,75,93,7.76,FM,1738680549
51,badger,64.8,-147.5333,-18.05,76,75,0.0,US,1738680550
52,bosanska krupa,44.8825,16.1514,4.22,57,3,1.96,BA,1738680551
53,gadzhiyevo,69.2551,33.3362,-21.36,100,86,4.98,RU,1738680552
54,hammerfest,70.6634,23.6821,-10.75,62,99,12.35,NO,1738680553
55,dudinka,69.4058,86.1778,-21.16,92,100,2.5,RU,1738680554
56,borogontsy,62.6683,131.1683,-33.43,96,95,2.93,RU,1738680555
57,hamilton,39.1834,-84.5333,3.01,82,100,7.72,US,1738680556
58,vernon,50.2581,-119.2691,-11.25,60,100,4.92,CA,1738680558
59,colares,38.7992,-9.4469,16.88,47,0,2.57,PT,1738680559
60,tabas,33.5959,56.9244,13.12,19,0,2.06,IR,1738680560
61,mount pearl,47.5166,-52.7813,2.86,92,100,9.77,CA,1738680561
62,champerico,14.3,-91.9167,27.13,64,0,1.15,GT,1738680562
63,okhotsk,59.3833,143.3,-28.28,88,71,3.56,RU,1738680563
64,heilbron,-27.2812,27.9709,29.03,36,62,5.47,ZA,1738680564
65,grytviken,-54.2811,-36.5092,5.57,77,67,11.76,GS,1738680565
66,ghanzi,-21.5667,21.7833,34.23,26,4,5.25,BW,1738680566
67,palikir - national government center,6.9248,158.1611,27.41,74,75,3.09,FM,1738680568
68,rabigh,22.7986,39.0349,25.74,66,16,3.53,SA,1738680569
69,longyearbyen,78.2186,15.6401,-2.09,74,40,12.86,SJ,1738680570
70,pokhara,28.2333,83.9833,15.5,23,100,2.61,NP,1738680566
71,manado,1.487,124.8455,23.43,94,40,1.54,ID,1738680572
72,tiksi,71.6872,128.8694,-31.52,97,100,1.41,RU,1738680573
73,argo,37.6333,22.7333,9.0,76,97,3.5,GR,1738680514
74,acarau,-2.8856,-40.12,30.73,59,42,6.48,BR,1738680576
75,fada,7.25,4.0667,38.1,23,84,1.18,NG,1738680577
76,tanjung pinang,0.9167,104.45,25.76,82,100,5.15,ID,1738680578
77,new norfolk,-42.7826,147.0587,12.06,99,0,0.69,AU,1738680579
78,bel ombre,-4.6167,55.4167,27.59,75,75,3.36,SC,1738680580
79,flying fish cove,-10.4217,105.6791,26.82,89,100,6.69,CX,1738680581
80,dwarka,22.2394,68.9678,21.01,61,1,5.29,IN,1738680582
81,geraldton,-28.7667,114.6,24.23,83,0,5.66,AU,1738680584
82,olonkinbyen,70.9221,-8.7187,-1.08,83,99,6.79,SJ,1738680585
83,candeleda,40.1552,-5.2405,11.58,55,3,1.27,ES,1738680586
84,polyarnyy,69.1989,33.4478,-20.4,99,70,5.15,RU,1738680587
85,dalnerechensk,45.9339,133.7225,-16.54,92,100,6.01,RU,1738680588
86,klyuchi,52.2667,79.1667,-3.39,97,100,2.74,RU,1738680589
87,abu dhabi,24.4667,54.3667,21.01,46,0,5.14,AE,1738680590
88,bonthe,7.5264,-12.505,30.84,49,35,6.53,SL,1738680592
89,holualoa,19.6228,-155.9522,18.64,77,20,3.6,US,1738680593
90,selfoss,63.9331,-20.9971,-0.53,67,58,12.52,IS,1738680594
91,trashi yangtse,27.6116,91.498,8.41,95,33,1.3,BT,1738680595
92,palapag,12.5458,125.1147,23.67,88,100,1.95,PH,1738680596
93,waitangi,-43.9535,-176.5597,10.46,92,63,1.79,NZ,1738680600
94,puerto natales,-51.7236,-72.4875,11.25,50,75,7.72,CL,1738680601
95,mejit,10.2753,170.8646,26.68,80,42,10.39,MH,1738680602
96,lazaro cardenas,17.9583,-102.2,25.21,74,8,2.13,MX,1738680603
97,wanning,18.8003,110.3967,16.05,83,90,3.6,CN,1738680604
98,tura,25.5198,90.2201,17.08,57,32,1.67,IN,1738680605
99,vilyuysk,63.7553,121.6247,-28.75,93,100,5.33,RU,1738680606
100,georgetown,5.4112,100.3354,28.86,83,20,2.68,MY,1738680608
101,isafjordur,66.0755,-23.124,0.02,47,75,8.23,IS,1738680609
102,igarka,67.4667,86.5833,-19.46,86,99,5.78,RU,1738680610
103,west island,-12.1568,96.8225,27.99,94,20,4.12,CC,1738680611
104,kidal,18.4411,1.4078,29.64,7,100,4.55,ML,1738680612
105,island harbour,50.724,-1.2758,10.04,86,75,3.58,GB,1738680613
106,anadyr,64.75,177.4833,-23.72,76,100,8.0,RU,1738680614
107,matadi,-5.8167,13.45,25.8,90,100,0.76,CD,1738680615
108,nar'yan-mar,67.6713,53.087,-10.69,91,100,5.54,RU,1738680617
109,tateyama,34.9833,139.8667,5.3,58,21,12.01,JP,1738680618
110,pandan,14.0453,124.1694,24.06,89,59,2.41,PH,1738680619
111,udachny,66.4167,112.4,-39.9,98,62,3.11,RU,1738680620
112,nadvoitsy,63.8667,34.3167,-19.0,100,100,1.36,RU,1738680621
113,taulaga,-11.0553,-171.0883,28.21,68,7,5.02,AS,1738680622
114,whakatane,-37.9585,176.9854,18.06,99,100,0.89,NZ,1738680623
115,caleta olivia,-46.4393,-67.5281,15.86,34,3,3.4,AR,1738680624
116,aasiaat,68.7098,-52.8699,-22.24,96,100,4.27,GL,1738680625
117,kapa'a,22.0752,-159.319,19.18,88,0,2.57,US,1738680627
118,arti,56.4234,58.5328,-7.91,96,100,2.58,RU,1738680628
119,papar,5.7333,115.9333,26.0,91,100,1.55,MY,1738680629
120,helena valley west central,46.6629,-112.0604,-20.51,81,100,3.09,US,1738680630
121,bredasdorp,-34.5322,20.0403,26.13,42,0,5.83,ZA,1738680631
122,chonchi,-42.6128,-73.8092,18.49,52,16,1.83,CL,1738680632
123,wailua homesteads,22.0669,-159.378,18.44,88,0,2.57,US,1738680633
124,katsuren-haebaru,26.3369,127.8719,12.21,50,75,7.2,JP,1738680634
125,punta arenas,-53.15,-70.9167,11.06,58,75,10.8,CL,1738680636
126,leava,-14.3,-178.1667,28.11,72,98,2.2,WF,1738680637
127,focuri,47.35,27.2167,0.47,59,97,4.16,RO,1738680638
128,jamestown,42.097,-79.2353,-2.21,85,100,4.63,US,1738680639
129,burutu,5.3509,5.5076,32.99,51,34,6.82,NG,1738680640
130,sao gabriel da cachoeira,-0.1303,-67.0892,28.89,74,0,1.03,BR,1738680641
131,dakhla,23.6848,-15.958,21.01,64,0,9.26,EH,1738680642
132,valparaiso,-33.0393,-71.6273,21.93,49,20,4.12,CL,1738680643
133,winnemucca,40.973,-117.7357,9.03,31,100,8.23,US,1738680567
134,amarante do maranhao,-5.5667,-46.7422,29.03,65,62,2.84,BR,1738680646
135,lyubymivka,46.8106,33.5686,1.66,62,100,4.71,UA,1738680647
136,vila franca do campo,37.7167,-25.4333,15.23,91,100,3.01,PT,1738680648
137,petropavlovsk-kamchatsky,53.0452,158.6483,-7.67,79,75,1.0,RU,1738680649
138,puerto ayora,-0.7393,-90.3518,25.86,94,20,1.79,EC,1738680650
139,manismata,-2.4667,111.0333,24.28,93,59,1.53,ID,1738680651
140,alaghsas,17.0187,8.0168,33.94,6,0,6.17,NE,1738680652
141,tofol,5.3248,163.0078,27.87,80,100,9.99,FM,1738680653
142,namibe,-15.1961,12.1522,25.86,74,74,5.22,AO,1738680655
143,jhinjhana,29.5167,77.2167,14.83,68,18,3.24,IN,1738680656
144,kone,-21.0595,164.8658,24.54,95,99,1.98,NC,1738680657
145,progreso,21.2833,-89.6667,25.0,69,89,4.27,MX,1738680658
146,silute,55.3489,21.4831,2.55,88,100,2.34,LT,1738680462
147,owen sound,44.5672,-80.9435,-5.79,80,56,6.45,CA,1738680660
148,garden city,42.3256,-83.331,-1.59,76,75,6.17,US,1738680661
149,port alfred,-33.5906,26.891,27.32,85,4,0.89,ZA,1738680662
150,ribeira grande,38.5167,-28.7,14.87,82,75,3.09,PT,1738680664
151,cabedelo,-6.9811,-34.8339,24.37,74,100,6.65,BR,1738680665
152,gbarnga,6.9956,-9.4722,38.03,12,3,1.36,LR,1738680666
153,magadan,59.5667,150.8,-26.71,76,1,2.62,RU,1738680667
154,archangelos,36.2149,28.1149,15.99,76,78,3.39,GR,1738680668
155,sheridan,44.8333,-106.9173,-17.52,79,100,1.54,US,1738680669
156,xai-xai,-25.0519,33.6442,29.5,61,3,6.58,MZ,1738680670
157,crane,31.3974,-102.3501,15.57,79,20,5.02,US,1738680671
158,port mathurin,-19.6833,63.4167,27.47,77,94,3.42,MU,1738680672
159,markovo,57.3206,107.0881,-15.07,88,100,5.64,RU,1738680674
160,pont rouge,48.8833,-72.0825,-11.4,83,100,6.12,CA,1738680675
161,ago-are,8.5,3.4167,38.23,8,7,2.57,NG,1738680676
162,kismayo,-0.3582,42.5454,25.51,79,92,8.73,SO,1738680677
163,kirensk,57.7853,108.1119,-17.82,86,100,5.45,RU,1738680678
164,galveston,29.3669,-94.9669,20.59,93,100,2.06,US,1738680679
165,divo,5.8397,-5.36,37.86,13,85,1.82,CI,1738680680
166,port elizabeth,-33.918,25.5701,25.73,82,0,4.92,ZA,1738680681
167,keflavik,64.0049,-22.5624,-0.76,80,75,11.32,IS,1738680604
168,necochea,-38.5473,-58.7368,23.22,43,0,7.3,AR,1738680684
169,chernyshevskiy,63.0128,112.4714,-30.56,88,100,6.18,RU,1738680685
170,illizi,26.4833,8.4667,22.8,18,32,4.2,DZ,1738680686
171,galliano,29.4422,-90.2992,21.0,88,100,2.06,US,1738680687
172,bilibino,68.0546,166.4372,-40.47,100,100,0.98,RU,1738680688
173,hermanus,-34.4187,19.2345,23.78,68,0,4.81,ZA,1738680689
174,ondo,7.1,4.8333,37.1,24,59,1.91,NG,1738680690
175,smithers,54.7804,-127.1743,-26.82,76,0,0.0,CA,1738680589
176,atafu village,-8.5421,-172.5159,28.35,68,11,6.85,TK,1738680693
177,bandar seri begawan,4.9403,114.9481,24.99,94,75,2.68,BN,1738680694
178,healesville,-37.65,145.5167,18.63,84,100,0.45,AU,1738680695
179,cidreira,-30.1811,-50.2056,28.81,70,3,5.09,BR,1738680696
180,carnarvon,-24.8667,113.6333,28.87,68,33,7.82,AU,1738680697
181,gangolli,13.65,74.6667,24.83,72,12,2.24,IN,1738680698
182,cole harbour,44.6724,-63.4751,1.07,77,75,7.2,CA,1738680699
183,torata,-17.0769,-70.8433,17.56,76,39,4.06,PE,1738680701
184,as sulayyil,20.4607,45.5779,20.83,13,69,4.61,SA,1738680702
185,tocopilla,-22.092,-70.1979,23.53,71,74,1.75,CL,1738680703
186,khurba,50.4072,136.8819,-15.48,90,100,8.26,RU,1738680704
187,ocampo,21.65,-101.5,12.86,47,0,0.91,MX,1738680705
188,colonia,50.9333,6.95,3.84,76,5,2.24,DE,1738680706
189,lensk,60.7253,114.9278,-21.71,98,100,1.94,RU,1738680707
190,fale old settlement,-9.3852,-171.2468,28.18,72,25,5.82,TK,1738680708
191,fuglafjordur,62.244,-6.814,3.88,68,100,5.86,FO,1738680710
192,tralee,52.2704,-9.7026,6.77,76,72,9.8,IE,1738680711
193,mar del plata,-38.0023,-57.5575,22.75,76,75,7.72,AR,1738680712
194,tazovsky,67.4667,78.7,-30.05,100,100,1.01,RU,1738680713
195,nagar karnul,16.4821,78.3247,25.27,33,69,3.16,IN,1738680714
196,pechora,65.1472,57.2244,-11.32,89,100,4.46,RU,1738680715
197,tomatlan,19.9333,-105.25,23.19,22,0,1.13,MX,1738680716
198,tolanaro,-25.0319,46.9987,27.04,78,75,5.66,MG,1738680717
199,uturoa,-16.7333,-151.4333,27.68,70,5,3.43,PF,1738680719
200,petushki,55.9264,39.461,-0.55,69,99,2.04,RU,1738680720
201,arno,60.1167,18.6333,0.54,98,100,4.7,SE,1738680721
202,talnakh,69.4865,88.3972,-19.74,99,100,1.68,RU,1738680722
203,ulsteinvik,62.3432,5.8487,10.5,90,100,4.94,NO,1738680723
204,ust-nera,64.5667,143.2,-41.05,94,30,0.78,RU,1738680724
205,barcelos,41.5388,-8.6151,13.28,58,100,1.51,PT,1738680725
206,sisimiut,66.9395,-53.6735,-19.46,96,100,3.0,GL,1738680726
207,san-pedro,4.7485,-6.6363,31.72,50,37,5.07,CI,1738680728
208,atasu,48.6814,71.6433,-8.4,79,57,4.72,KZ,1738680729
209,vadso,70.0744,29.7487,-13.91,85,75,3.09,NO,1738680730
210,saint-philippe,-21.3585,55.7679,28.31,84,36,4.03,RE,1738680731
211,princeville,45.7668,-61.2985,-1.38,83,75,9.77,CA,1738680732
212,lebu,-37.6167,-73.65,18.61,52,89,3.31,CL,1738680733
213,boden,65.8252,21.6886,-16.3,97,100,0.67,SE,1738680734
214,sarai naurang,32.8259,70.7814,14.63,26,1,2.41,PK,1738680736
215,khorugh,37.4897,71.553,-18.31,72,100,0.69,TJ,1738680737
216,utrik,11.2278,169.8474,27.04,73,95,9.57,MH,1738680738
217,kalmunai,7.4167,81.8167,25.57,72,100,3.74,LK,1738680739
218,hithadhoo,-0.6,73.0833,27.99,72,20,3.99,MV,1738680740
219,howard springs,-12.497,131.047,23.95,88,99,6.28,AU,1738680741
220,almeirim,-1.5233,-52.5817,21.49,98,100,2.4,BR,1738680742
221,rio grande,-32.035,-52.0986,29.16,67,30,3.76,BR,1738680743
222,mount isa,-20.7333,139.5,26.87,83,100,3.09,AU,1738680745
223,isokyro,63.0117,22.3333,-9.09,84,100,3.66,FI,1738680746
224,broken hill,-31.95,141.4333,29.57,33,87,2.87,AU,1738680747
225,ventspils,57.3894,21.5606,1.96,87,20,3.6,LV,1738680748
226,mont-tremblant,46.1949,-74.6264,-10.79,90,100,5.28,CA,1738680749
227,susuman,62.7833,148.1667,-44.87,97,43,0.42,RU,1738680750
228,walvis bay,-22.9575,14.5053,22.04,70,69,7.58,NA,1738680751
229,namtsy,62.7161,129.6658,-30.69,96,100,3.31,RU,1738680752
230,witnica,52.6732,14.8977,3.35,60,30,1.84,PL,1738680754
231,atar,20.5169,-13.0499,26.89,8,0,4.59,MR,1738680755
232,salinopolis,-0.6136,-47.3561,26.95,82,96,2.32,BR,1738680756
233,praia da vitoria,38.7333,-27.0667,15.14,77,75,7.11,PT,1738680757
234,nuuk,64.1835,-51.7216,-11.66,56,40,4.63,GL,1738680758
235,el alto,-4.2714,-81.2147,25.76,58,36,4.25,PE,1738680759
236,undurkhaan,47.3194,110.6556,-21.04,76,29,4.81,MN,1738680760
237,xilin hot,43.9667,116.0333,-22.21,83,13,4.66,CN,1738680762
238,neiva,2.9273,-75.2819,24.94,83,75,2.06,CO,1738680763
239,codrington,-38.2667,141.9667,16.76,58,100,7.07,AU,1738680764
240,bubaque,11.2833,-15.8333,26.08,47,90,4.25,GW,1738680765
241,sydney,-33.8679,151.2073,24.63,88,0,3.6,AU,1738680330
242,vorgashor,67.5833,63.95,-24.12,99,15,1.65,RU,1738680767
243,kikwit,-5.041,18.8162,30.4,50,100,1.53,CD,1738680768
244,nacajuca,18.1333,-93.0167,24.45,85,0,3.92,MX,1738680769
245,coquimbo,-29.9533,-71.3436,21.85,68,0,3.6,CL,1738680770
246,plettenberg bay,-34.0527,23.3716,23.34,75,14,2.87,ZA,1738680772
247,hobyo,5.3505,48.5268,24.38,78,6,10.57,SO,1738680773
248,ilhabela,-23.7781,-45.3581,29.82,62,97,2.51,BR,1738680774
249,tangalle,6.024,80.7911,25.72,77,49,4.74,LK,1738680775
250,sitka,57.0531,-135.33,-2.06,46,0,2.06,US,1738680776
251,alice springs,-23.7,133.8833,30.75,29,0,7.72,AU,1738680777
252,prince rupert,54.3161,-130.3201,-2.17,30,0,7.72,CA,1738680707
253,tondano,1.3038,124.9112,19.05,93,100,0.96,ID,1738680779
254,charlestown,-32.95,151.6667,23.74,89,97,0.89,AU,1738680780
255,invercargill,-46.4,168.35,9.45,91,75,1.25,NZ,1738680782
256,grand-lahou,5.1367,-5.0242,31.09,56,49,5.0,CI,1738680783
257,santiago de cao,-7.9589,-79.2392,20.07,88,20,3.6,PE,1738680784
258,queenstown,-31.8976,26.8753,37.68,10,72,7.0,ZA,1738680785
259,guerrero negro,27.9769,-114.0611,14.18,88,25,2.45,MX,1738680786
260,san antonio,29.4241,-98.4936,19.58,96,100,1.54,US,1738680566
261,tchintabaraden,15.8969,5.7985,34.1,8,4,5.39,NE,1738680788
262,karratha,-20.7377,116.8463,30.81,69,41,1.37,AU,1738680789
263,sovetskiy,61.3614,63.5842,-14.95,97,97,1.66,RU,1738680790
264,shimoda,34.6667,138.95,2.47,68,2,10.69,JP,1738680792
265,genhe,50.7833,121.5167,-36.71,100,78,0.46,CN,1738680793
266,launceston,-41.45,147.1667,14.8,72,100,7.72,AU,1738680794
267,ancud,-41.8697,-73.8203,17.35,59,17,1.78,CL,1738680795
268,wau,7.7029,27.9953,37.26,15,99,2.12,SS,1738680796
269,zeya,53.75,127.2667,-29.58,94,62,1.94,RU,1738680797
270,tibati,6.4667,12.6333,36.04,10,8,3.42,CM,1738680798
271,novyy urengoy,66.0833,76.6333,-27.28,100,100,2.32,RU,1738680799
272,kachkanar,58.7,59.4948,-17.4,99,100,1.57,RU,1738680801
273,kyren,51.6828,102.1408,-15.54,79,100,0.97,RU,1738680802
274,usinsk,65.9939,57.5281,-11.9,85,100,3.1,RU,1738680803
275,sherbakul',54.6316,72.3963,-5.38,96,96,0.67,RU,1738680804
276,chegdomyn,51.1167,133.0167,-24.9,99,100,0.39,RU,1738680805
277,kampot,10.6167,104.1833,24.78,81,19,3.3,KH,1738680806
278,huarmey,-10.0681,-78.1522,23.22,80,100,3.12,PE,1738680808
279,coruripe,-10.1256,-36.1756,30.05,57,31,6.34,BR,1738680809
280,changzhi,35.2089,111.7386,1.14,36,14,6.07,CN,1738680810
281,camacupa,-12.0167,17.4833,24.38,59,100,1.52,AO,1738680811
282,timbuktu,16.7735,-3.0074,25.71,9,100,4.41,ML,1738680812
283,malpe,13.35,74.7167,24.92,77,9,1.79,IN,1738680813
284,vila velha,-20.3297,-40.2925,32.97,49,20,5.66,BR,1738680814
285,tuzla,44.5428,18.6694,5.98,45,0,3.6,BA,1738680815
286,severo-yeniseyskiy,60.3725,93.0408,-23.82,99,94,1.54,RU,1738680816
287,yibin,28.7667,104.6238,10.97,80,100,1.14,CN,1738680818
288,roxas,11.5853,122.7511,25.47,79,100,3.77,PH,1738680819
289,nadym,65.5333,72.5167,-19.78,98,35,4.03,RU,1738680820
290,tari,-11.1105,14.3559,25.67,60,100,2.92,AO,1738680821
291,portland,45.5234,-122.6762,-0.04,94,75,3.6,US,1738680680
292,caleta de carquin,-11.0925,-77.6267,23.38,78,99,3.4,PE,1738680823
293,nemuro,43.3236,145.575,-0.75,73,20,5.25,JP,1738680824
294,al ghayzah,16.2079,52.176,20.6,43,14,3.81,YE,1738680826
295,peace river,56.2501,-117.286,-33.52,85,0,2.57,CA,1738680827
296,khandud,36.9513,72.318,-12.66,79,93,0.92,AF,1738680828
297,kabo,7.6994,18.629,39.69,8,46,2.5,CF,1738680830
298,trat,12.5,102.5,22.98,90,6,0.4,TH,1738680831
299,cutral-co,-38.9469,-69.2089,21.53,26,6,2.89,AR,1738680832
300,capao da canoa,-29.7456,-50.0097,27.06,78,0,4.19,BR,1738680833
301,karkira,36.9292,6.5856,14.53,77,42,3.14,DZ,1738680834
302,syktyvkar,61.6764,50.8099,-3.15,100,75,3.0,RU,1738680835
303,nyurba,63.2842,118.3319,-27.49,93,100,5.51,RU,1738680836
304,nalut,30.3333,10.85,15.56,18,0,2.42,LY,1738680837
305,taunggyi,20.7833,97.0333,13.74,48,7,1.56,MM,1738680839
306,kirakira,-10.4544,161.9205,27.2,80,99,2.88,SB,1738680840
307,ponta delgada,37.7333,-25.6667,15.4,82,75,3.6,PT,1738680841
308,inhambane,-23.865,35.3833,28.27,67,13,4.79,MZ,1738680842
309,puerto penasco,31.3167,-113.5333,16.06,70,28,4.02,MX,1738680843
310,rosario do sul,-30.2583,-54.9142,39.04,18,0,2.7,BR,1738680844
311,toliara,-23.35,43.6667,30.08,60,9,5.42,MG,1738680845
312,egilsstadir,65.2653,-14.3948,0.95,64,0,6.17,IS,1738680846
313,port-vila,-17.7338,168.3219,23.78,100,100,0.51,VU,1738680847
314,ola,59.5833,151.2833,-28.25,87,12,3.38,RU,1738680849
315,muhos,64.808,25.9931,-15.82,93,80,3.32,FI,1738680850
316,sarangani,5.4033,125.4636,27.68,77,100,7.48,PH,1738680851
317,puerto aysen,-45.4,-72.7,12.77,78,59,1.56,CL,1738680852
318,jaisalmer,26.9147,70.9181,19.48,16,0,2.09,IN,1738680853
319,hotaka,36.3396,137.8825,-2.34,67,61,2.55,JP,1738680854
320,pariaman,-0.619,100.12,27.03,80,100,1.8,ID,1738680855
321,margate,51.3813,1.3862,9.37,78,2,0.45,GB,1738680856
322,tchibanga,-2.85,11.0333,27.91,75,90,2.01,GA,1738680857
323,chibougamau,49.9168,-74.3659,-17.21,78,100,7.2,CA,1738680859
324,kassala,15.451,36.4,35.31,19,0,4.75,SD,1738680860
325,atotonilco el grande,20.2833,-98.6667,15.02,47,0,0.74,MX,1738680861
326,kailua-kona,19.6406,-155.9956,20.71,76,20,3.6,US,1738680619
327,sechura,-5.5569,-80.8222,26.89,55,19,3.46,PE,1738680863
328,barbacoas,1.6715,-78.1398,27.18,82,86,1.88,CO,1738680864
329,ar ruways,24.1103,52.7306,16.42,51,0,3.22,AE,1738680865
330,cozumel,20.5083,-86.9458,26.64,81,66,5.95,MX,1738680825
331,kamyanyets,52.4001,23.81,0.34,98,100,2.38,BY,1738680867
332,kosh-agach,50.0,88.6667,-29.97,98,42,1.69,RU,1738680869
333,kasungu,-13.0333,33.4833,20.73,94,100,1.04,MW,1738680870
334,haradok,55.4624,29.9816,-2.9,72,100,1.43,BY,1738680871
335,arraial do cabo,-22.9661,-42.0278,31.98,65,0,4.12,BR,1738680872
336,northam,51.0333,-4.2167,9.33,88,100,1.79,GB,1738680873
337,colac,-38.3333,143.5833,13.43,78,0,2.49,AU,1738680874
338,gulf shores,30.246,-87.7008,16.68,84,3,0.76,US,1738680875
339,whistler,50.1164,-122.9695,-17.68,92,100,3.68,CA,1738680876
340,klaksvik,62.2266,-6.589,4.18,73,100,6.12,FO,1738680877
341,siwa oasis,29.2041,25.5195,21.58,29,93,4.52,EG,1738680879
342,alofi,-19.0595,-169.9187,24.94,94,20,1.03,NU,1738680880
343,murzuq,25.9155,13.9184,22.3,19,99,4.91,LY,1738680881
344,iskateley,67.6803,53.1512,-10.74,91,99,5.49,RU,1738680882
345,yeppoon,-23.1333,150.7333,25.51,81,97,7.07,AU,1738680883
346,bantay,17.5847,120.3892,24.19,64,100,6.79,PH,1738680884
347,quellon,-43.1167,-73.6167,15.04,69,38,2.03,CL,1738680885
348,nieuw amsterdam,5.8833,-55.0833,26.06,85,79,4.2,SR,1738680886
349,pauini,-7.7136,-66.9764,30.85,52,99,1.51,BR,1738680887
350,pskov,57.8136,28.3496,-5.05,86,75,2.0,RU,1738680889
351,aleksandrovsk,59.158,57.5624,-12.89,84,72,2.59,RU,1738680890
352,nazarovo,56.0064,90.3914,-22.0,100,98,1.57,RU,1738680891
353,unai,-16.3575,-46.9061,26.86,71,100,1.91,BR,1738680892
354,south venice,27.0531,-82.4243,24.43,82,20,0.45,US,1738680893
355,constantia,44.1833,28.65,3.38,50,71,5.63,RO,1738680746
356,zambezi,-13.5432,23.1047,22.92,81,100,2.36,ZM,1738680895
357,mount gambier,-37.8333,140.7667,16.38,59,100,5.35,AU,1738680897
358,tamanrasset,22.785,5.5228,20.95,11,0,2.06,DZ,1738680898
359,puerto deseado,-47.7503,-65.8938,13.75,46,9,3.15,AR,1738680899
360,swan hill,-35.3378,143.5544,24.34,65,8,3.56,AU,1738680900
361,tadmur,34.5608,38.2805,13.02,38,0,1.46,SY,1738680901
362,ouddorp,51.8117,3.9347,4.99,88,4,7.17,NL,1738680902
363,corfu,39.62,19.9197,15.88,67,40,1.03,GR,1738680903
364,harper,4.375,-7.7169,30.76,56,48,4.29,LR,1738680904
365,darwin,-12.4611,130.8418,23.99,94,75,2.57,AU,1738680906
366,abra pampa,-22.7205,-65.697,17.75,21,3,1.82,AR,1738680907
367,roma,43.2128,-75.4557,-1.61,80,100,6.17,US,1738680908
368,deschutes river woods,43.9915,-121.3584,-3.6,94,100,0.0,US,1738680909
369,bamboo flat,11.7,92.7167,26.05,83,0,2.57,IN,1738680910
370,kuqa,41.7278,82.9364,-6.88,80,100,1.35,CN,1738680911
371,blackwater,-23.5833,148.8833,22.05,100,100,4.3,AU,1738680912
372,st. john's,47.5649,-52.7093,3.32,91,100,9.77,CA,1738680886
373,kecskemet,46.9062,19.6913,4.29,61,75,2.06,HU,1738680914
374,ulaangom,49.9811,92.0667,-25.03,82,50,1.48,MN,1738680916
375,terekli-mekteb,44.1671,45.8698,6.33,79,100,5.53,RU,1738680917
376,sicuani,-14.2694,-71.2261,15.67,44,97,1.73,PE,1738680918
377,kamennomostskiy,44.2983,40.1856,-0.55,96,100,1.64,RU,1738680919
378,labrador city,52.9463,-66.9114,-19.05,78,75,5.14,CA,1738680920
379,san matias,-16.3667,-58.4,34.57,43,40,2.15,BO,1738680921
380,atherton,53.5237,-2.4935,9.3,71,100,1.79,GB,1738680922
381,praia,14.9215,-23.5087,24.3,53,75,10.8,CV,1738680923
382,ulanhot,46.0833,122.0833,-21.87,84,40,2.07,CN,1738680925
383,yemva,62.59,50.8594,-4.2,95,100,3.84,RU,1738680926
384,kingston,17.997,-76.7936,28.42,78,20,2.06,JM,1738680927
385,almenara,-16.1836,-40.6944,30.44,53,91,1.86,BR,1738680928
386,teguise,29.0605,-13.564,18.12,52,75,7.2,ES,1738680929
387,dompu,-8.5356,118.4622,25.09,94,99,0.6,ID,1738680930
388,kisangani,0.5167,25.2,34.09,32,100,1.45,CD,1738680931
389,lompoc,34.6391,-120.4579,12.85,81,100,5.66,US,1738680904
390,san andres,12.5847,-81.7006,29.01,74,20,6.69,CO,1738680933
391,shanwei,22.782,115.3475,14.4,67,24,7.31,CN,1738680935
392,noshiro,40.2039,140.0242,-2.19,76,100,13.07,JP,1738680936
393,thunder bay,48.4001,-89.3168,-20.01,65,75,5.14,CA,1738680937
394,kenai,60.5544,-151.2583,-13.95,100,0,1.54,US,1738680938
395,cabo san lucas,22.8909,-109.9124,19.4,43,0,4.32,MX,1738680939
396,dongcun,36.7767,121.1597,-5.04,50,3,1.68,CN,1738680940
397,susanville,40.4163,-120.653,2.91,93,100,1.54,US,1738680941
398,freetown,8.484,-13.2299,29.84,70,75,5.66,SL,1738680942
399,nevel'sk,46.6733,141.8633,-2.32,89,100,11.99,RU,1738680943
400,tres arroyos,-38.3739,-60.2798,28.66,22,0,4.93,AR,1738680945
401,lhuentse,27.6679,91.1839,10.31,92,50,0.44,BT,1738680946
402,goure,13.9835,10.2704,33.14,4,0,6.43,NE,1738680947
403,laguna de perlas,12.3429,-83.6712,25.59,88,100,6.37,NI,1738680948
404,sosnovo-ozerskoye,52.5249,111.5418,-21.5,88,100,7.43,RU,1738680949
405,pisco,-13.7,-76.2167,24.03,83,0,2.06,PE,1738680950
406,valderice,38.0401,12.6151,13.5,82,40,4.12,IT,1738680951
407,bullsbrook,-31.6667,116.0,24.77,54,0,0.51,AU,1738680953
408,nova vicosa,-17.8919,-39.3719,30.2,60,4,6.57,BR,1738680954
409,shetpe,44.1667,52.1167,3.63,61,0,3.18,KZ,1738680955
410,ixtapa,20.7,-105.2,24.63,21,0,1.11,MX,1738680956
411,hotan,37.0997,79.9269,-1.69,43,85,0.36,CN,1738680957
412,hilo,19.7297,-155.09,19.17,74,75,3.09,US,1738680958
413,sambava,-14.2667,50.1667,24.8,88,100,1.54,MG,1738680959
414,stutterheim,-32.5708,27.424,30.91,40,41,3.85,ZA,1738680960
415,barguzin,53.6167,109.6167,-18.91,95,100,4.34,RU,1738680961
416,luanda,-8.8368,13.2343,27.34,73,100,3.66,AO,1738680963
417,ad-damazin,11.7891,34.3592,36.22,15,8,2.88,SD,1738680964
418,lautoka,-17.6167,177.4667,23.92,100,100,0.0,FJ,1738680965
419,colby,39.3958,-101.0524,-10.81,85,100,4.63,US,1738680734
420,kodinsk,58.6881,99.1844,-15.04,89,66,4.68,RU,1738680967
421,beyneu,45.3167,55.2,-0.15,67,92,4.75,KZ,1738680968
422,kununurra,-15.7667,128.7333,25.99,89,92,2.57,AU,1738680969
423,duong dong,10.2167,103.9667,26.0,78,0,1.03,VN,1738680971
424,gilgit,35.9221,74.3087,-2.86,45,100,1.26,PK,1738680972
425,linqiong,30.4159,103.4609,7.91,85,99,3.66,CN,1738680973
426,lisbon,38.7167,-9.1333,16.74,52,0,3.09,PT,1738680610
427,fort st. john,56.2499,-120.8529,-34.06,68,100,2.57,CA,1738680975
428,pangody,65.85,74.4859,-21.69,96,92,3.49,RU,1738680976
429,linton,39.0348,-87.1658,2.87,79,19,6.33,US,1738680977
430,east london,-33.0153,27.9116,28.26,71,2,6.58,ZA,1738680978
431,salekhard,66.53,66.6019,-27.31,100,86,0.53,RU,1738680979
432,omdurman,15.6445,32.4777,33.84,17,1,5.45,SD,1738680981
433,pedro munoz,39.4041,-2.9223,12.17,35,0,1.72,ES,1738680982
434,taksimo,56.3444,114.8794,-26.03,98,100,0.67,RU,1738680983
435,rongelap,11.1635,166.8941,26.7,80,32,9.08,MH,1738680984
436,balikpapan,-1.2675,116.8289,26.55,89,20,1.03,ID,1738680985
437,sao jose da coroa grande,-8.8978,-35.1478,28.97,62,37,6.03,BR,1738680986
438,es castell,39.8795,4.2854,15.38,67,20,4.63,ES,1738680987
439,murashi,59.3999,48.9615,-3.27,95,100,2.48,RU,1738680988
440,itoman,26.1247,127.6694,12.21,54,75,11.32,JP,1738680989
441,el fasher,13.6279,25.3494,32.92,9,0,5.15,SD,1738680991
442,cannonvale,-20.2833,148.7,23.66,87,100,2.44,AU,1738680992
443,antonio enes,-16.2325,39.9086,27.79,84,100,4.86,MZ,1738680993
444,vilyuchinsk,52.9306,158.4028,-6.85,94,100,2.22,RU,1738680994
445,manacapuru,-3.2997,-60.6206,27.66,82,70,1.8,BR,1738680995
446,los altos,37.3852,-122.1141,12.79,91,100,8.23,US,1738680996
447,hasaki,35.7333,140.8333,4.53,72,95,6.42,JP,1738680997
448,celestun,20.8667,-90.4,24.83,73,72,3.91,MX,1738680999
449,papao,-17.75,-149.55,24.82,71,47,2.57,PF,1738681000
450,verl,51.55,7.9167,5.4,75,5,1.84,DE,1738681001
451,holmsund,63.706,20.3641,-7.03,92,100,3.6,SE,1738681002
452,thinadhoo,0.5333,72.9333,28.03,67,7,4.02,MV,1738681003
453,lhasa,29.65,91.1,7.76,14,9,1.85,CN,1738681004
454,gargalianoi,37.0667,21.6333,12.12,72,13,3.19,GR,1738681005
455,chrudim,49.9511,15.7956,4.79,52,0,1.54,CZ,1738681006
456,saldanha,-33.0117,17.9442,20.55,78,21,7.56,ZA,1738681007
457,villa emilio carranza,19.9667,-96.6,22.58,84,91,0.62,MX,1738681009
458,vung tau,10.346,107.0843,23.55,78,4,11.79,VN,1738681010
459,oyama,36.3,139.8,2.81,48,33,0.27,JP,1738681011
460,assab,13.0092,42.7394,25.3,61,9,12.64,ER,1738681012
461,manavalakurichi,8.1333,77.3,25.39,73,4,2.73,IN,1738681013
462,sursk,53.0754,45.6846,-1.33,95,100,8.23,RU,1738681014
463,banisilan,7.4908,124.7242,22.19,84,100,2.43,PH,1738681015
464,sibolga,1.7427,98.7792,25.47,88,100,2.0,ID,1738681016
465,tira sujanpur,31.8333,76.5,11.92,62,12,2.47,IN,1738681017
466,taoudenni,22.6783,-3.9836,25.22,10,0,5.43,ML,1738681019
467,centenario,-38.8043,-68.14,21.86,33,0,3.09,AR,1738681020
468,port macquarie,-31.4333,152.9167,22.26,94,100,0.45,AU,1738681021
469,juan rodriguez clara,17.9833,-95.4083,22.04,91,76,3.55,MX,1738681022
470,gisborne,-38.6533,178.0042,15.74,87,80,1.34,NZ,1738681023
471,beloyarskiy,63.7119,66.6722,-22.58,100,97,1.21,RU,1738681024
472,mana,5.6592,-53.7767,26.83,78,40,4.09,GF,1738681025
473,inyonga,-6.7167,32.0667,23.75,83,96,1.51,TZ,1738681027
474,nouadhibou,20.931,-17.0347,25.99,44,0,6.69,MR,1738681028
475,shalqar,47.8333,59.6,-7.76,86,81,5.85,KZ,1738681029
476,teluknaga,-6.0989,106.6381,29.24,88,20,3.09,ID,1738681030
477,bojnurd,37.4747,57.329,4.97,33,0,2.06,IR,1738681031
478,forster,-32.1667,152.5167,20.77,94,100,4.97,AU,1738681032
479,afaahiti,-17.75,-149.2833,26.04,76,20,4.32,PF,1738681033
480,pocatello,42.8713,-112.4455,3.78,84,100,1.34,US,1738680992
481,horta,38.5333,-28.6333,14.45,82,75,3.09,PT,1738681035
482,souillac,-20.5167,57.5167,30.21,79,40,5.66,MU,1738681037
483,libertad,8.9442,125.5019,22.34,94,96,1.58,PH,1738681038
484,purranque,-40.9167,-73.1667,19.04,38,6,0.86,CL,1738681039
485,stephenville,32.2207,-98.2023,16.07,94,100,0.0,US,1738681040
486,lubao,14.9167,120.55,25.84,78,93,3.03,PH,1738681041
487,akureyri,65.6835,-18.0878,-1.04,86,100,8.75,IS,1738681042
488,novaya igirma,57.1334,103.9112,-13.71,87,100,6.64,RU,1738681043
489,cavelossim,15.1726,73.9419,26.99,75,75,3.83,IN,1738681044
490,siocon,7.7061,122.1353,25.34,86,100,1.78,PH,1738681046
491,salahonda,2.1019,-78.7217,26.34,81,88,4.76,CO,1738681047
492,aldinga beach,-35.2793,138.4604,19.24,77,5,9.49,AU,1738681048
493,ballito,-29.539,31.2144,27.94,81,4,3.35,ZA,1738681049
494,tafuna,-14.3358,-170.72,27.91,71,17,1.47,AS,1738681050
495,bend,44.0582,-121.3153,-3.01,94,100,0.0,US,1738680971
496,montelibano,7.9829,-75.4229,27.57,75,100,1.52,CO,1738681052
497,antibes,43.5624,7.1278,14.71,72,20,3.09,FR,1738681053
498,piriapolis,-34.8682,-55.2744,32.09,74,75,7.72,UY,1738681054
499,hadibu,12.65,54.0333,21.83,59,58,6.16,YE,1738681056
500,cotronei,39.1582,16.7809,8.9,81,87,2.09,IT,1738681057
501,qarqaraly,49.4058,75.4742,-12.63,96,30,3.83,KZ,1738681058
502,baiquan,47.5833,126.0833,-31.66,100,58,2.13,CN,1738681059
503,aroma,15.8167,36.1333,34.49,20,1,5.86,SD,1738681060
504,kasongo-lunda,-6.4667,16.8167,27.72,64,100,1.5,CD,1738681061
505,san antonio de pale,-1.4014,5.6325,27.58,78,75,3.99,GQ,1738681062
506,sungai penuh,-2.0833,101.3833,19.05,92,100,0.27,ID,1738681064
507,krasnoturansk,54.3186,91.5639,-20.87,100,94,0.58,RU,1738681065
508,qaisumah,28.3112,46.1273,22.98,13,0,5.14,SA,1738681066
509,aykhal,66.0,111.5,-38.28,100,100,5.63,RU,1738681067
510,natal,-5.795,-35.2094,30.36,66,75,6.69,BR,1738681068
511,janakpur,26.7183,85.9065,17.76,37,13,2.37,NP,1738681069
512,mogadishu,2.0371,45.3438,26.93,78,0,9.26,SO,1738681070
513,ciudad sabinas hidalgo,26.5,-100.1667,21.38,74,0,0.49,MX,1738681071
514,kedougou,12.5579,-12.1743,34.59,8,81,2.37,SN,1738681072
515,sertanopolis,-23.0586,-51.0364,22.08,97,100,2.36,BR,1738681074
516,baiti,13.745,-14.7482,31.21,7,100,4.37,SN,1738681075
517,brownwood,31.7093,-98.9912,13.0,100,100,1.54,US,1738681076
518,antalaha,-14.9003,50.2788,24.79,91,100,0.82,MG,1738681077
519,beldanga,23.9333,88.25,20.31,31,95,2.38,IN,1738681078
520,luwuk,-0.9516,122.7875,22.87,91,88,1.3,ID,1738681079
521,santana,-0.0583,-51.1817,29.1,74,40,1.03,BR,1738681080
522,buala,-8.145,159.5921,27.18,80,89,3.11,SB,1738681081
523,saipan,15.1355,145.701,28.39,74,75,4.12,MP,1738681082
524,el porvenir,13.7617,-87.3458,28.24,42,1,2.7,HN,1738681084
525,jamui,24.9167,86.2167,19.12,34,4,2.0,IN,1738681085
526,dubbo,-32.25,148.6167,25.07,57,73,2.57,AU,1738680803
527,playa del ingles,27.7567,-15.5787,20.86,63,0,2.68,ES,1738681087
528,concepcion,-36.827,-73.0498,21.89,43,0,3.09,CL,1738681088
529,al mijlad,11.0333,27.7333,36.92,11,15,5.14,SD,1738681089
530,barah,13.7,30.3667,33.81,14,0,4.98,SD,1738681090
531,guatrache,-37.6678,-63.5302,30.01,19,4,2.32,AR,1738681091
532,gizo,-8.103,156.8419,28.09,78,100,4.49,SB,1738681092
533,wynyard,-41.0,145.7167,15.66,69,36,2.68,AU,1738681094
534,magistral'nyy,56.1725,107.4458,-17.64,92,100,2.8,RU,1738681095
535,grand falls-windsor,48.9332,-55.6649,0.84,88,100,2.68,CA,1738681096
536,dinguiraye,11.3,-10.7167,34.1,10,80,1.21,GN,1738681097
537,toulepleu guere,6.574,-8.4259,37.75,13,11,1.43,CI,1738681098
538,suva,-18.1416,178.4415,23.71,100,75,1.03,FJ,1738681099
539,williams lake,52.1415,-122.1445,-23.24,87,40,1.54,CA,1738681101
540,road town,18.4167,-64.6167,27.02,74,40,4.12,VG,1738681102
541,port augusta,-32.5,137.7667,22.3,64,6,9.31,AU,1738681103
542,north bend,43.4065,-124.2243,0.95,93,0,4.12,US,1738681104
543,manay,7.215,126.5397,23.29,87,100,2.69,PH,1738681105
544,broome,42.2506,-75.833,-0.75,77,100,6.26,US,1738681106
545,bata,1.8639,9.7658,28.81,72,88,5.88,GQ,1738681107
546,wuhai,39.6647,106.8122,-9.92,37,3,4.73,CN,1738681108
547,general acha,-37.377,-64.6043,29.92,18,1,0.82,AR,1738681109
548,nieves,15.3274,120.9485,23.28,79,96,1.54,PH,1738681111
549,tarawa,1.419,172.984,27.05,78,20,6.69,KI,1738681112
550,ghadamis,30.1337,9.5007,16.75,18,0,3.58,LY,1738681113
551,arish,31.1316,33.7984,17.1,67,40,3.09,EG,1738681114
552,tidjikja,18.5564,-11.4271,25.9,9,0,6.17,MR,1738681115
553,bovalino,38.149,16.174,12.94,79,98,1.76,IT,1738681116
554,al mindak,20.1588,41.2834,14.89,76,53,2.38,SA,1738681117
555,bodo,67.28,14.405,-5.98,93,100,18.01,NO,1738681118
556,visakhapatnam,17.69,83.2093,24.94,100,40,1.03,IN,1738681119
557,sao tome,0.3365,6.7273,27.99,77,44,3.37,ST,1738681121
558,choibalsan,48.0667,114.5,-20.15,75,14,6.76,MN,1738681122
559,thanh hoa,19.8,105.7667,14.02,75,96,1.66,VN,1738681123
560,kittila,67.6647,24.8936,-20.77,77,75,2.57,FI,1738681124
561,laguna,38.421,-121.4238,11.08,91,100,7.72,US,1738681125
562,serra talhada,-7.9919,-38.2983,33.54,32,14,5.46,BR,1738681126
563,juneau,58.3019,-134.4197,-4.0,63,0,2.57,US,1738681127
564,fortuna,40.5982,-124.1573,3.53,97,100,2.57,US,1738681128
565,yanbu,24.0891,38.0637,28.02,51,8,4.12,SA,1738681129
566,pedernales,18.0384,-71.744,26.96,69,0,3.84,DO,1738681131
567,novoderevyankovskaya,46.3231,38.7472,-1.82,93,82,2.1,RU,1738681132
568,gorontalo,0.5412,123.0595,23.6,97,96,1.54,ID,1738681133
569,moundou,8.5667,16.0833,39.13,6,0,2.06,TD,1738681134
570,hami,42.8,93.45,-4.66,48,0,1.54,CN,1738681135
571,fort bragg,35.139,-79.006,15.38,81,0,2.57,US,1738681136
572,och'amch'ire,42.7123,41.4686,6.01,78,100,5.01,GE,1738681137
573,sayaxche,16.5167,-90.1667,21.25,87,55,0.54,GT,1738681138
574,lagdo,9.05,13.7333,38.18,6,90,3.07,CM,1738681139
575,ketchikan,55.3422,-131.6461,-2.01,22,0,4.63,US,1738681141
576,katsuura,35.1333,140.3,5.32,66,100,9.98,JP,1738681142
577,ibshaway,29.358,30.6814,21.04,36,100,4.75,EG,1738681143
578,radhanpur,23.8333,71.6,18.78,28,1,3.58,IN,1738681144
579,nguigmi,14.2495,13.1092,31.08,9,19,3.92,NE,1738681145
580,thabazimbi,-24.5917,27.4116,32.93,28,67,1.07,ZA,1738681146
581,qal'ah-ye shahr,35.5473,65.5676,-9.41,80,16,4.18,AF,1738681147
582,aras-asan,8.8908,126.3033,24.87,86,98,3.09,PH,1738681149
583,sawakin,19.1059,37.3321,26.51,71,22,4.08,SD,1738681150
584,tenenkou,14.4572,-4.9169,31.37,10,100,4.9,ML,1738681151
585,trincomalee,8.5711,81.2335,27.29,64,82,5.66,LK,1738681152
586,bartica,6.4,-58.6167,30.64,55,49,2.11,GY,1738681153
587,nema,57.5067,50.5011,-2.52,95,100,2.21,RU,1738681154
588,miramar beach,30.3744,-86.3586,16.2,99,40,1.54,US,1738681155
589,harstad,68.799,16.5293,-3.25,83,100,7.15,NO,1738681156
590,tual,-5.6667,132.75,27.37,82,100,10.2,ID,1738681157
591,chilecito,-29.1619,-67.4974,27.51,43,1,4.14,AR,1738681158
